"","Chisq","Df","Pr(>Chisq)"
"Treatment",1.99601186691967,2,0.368613749142055
"PaternalStock",36.8890612620542,1,1.25045551320942e-09
"vial_letter",6.46218865353267,3,0.0911656769190669
"Treatment:PaternalStock",3.56099240366362,2,0.168554489468301
"Treatment:vial_letter",3.95344929551859,6,0.6829760828916
"PaternalStock:vial_letter",8.76577891790879,3,0.0325726507411924
"Treatment:PaternalStock:vial_letter",11.5624807169664,6,0.0724720406392617
