"","Chisq","Df","Pr(>Chisq)"
"Treatment",6.17577720448631,2,0.0455981286243708
"PaternalStock",1.90981083515719,1,0.166984272908156
"vial_letter",116.047655278292,3,5.47677943198249e-25
"Treatment:PaternalStock",2.58062317164643,2,0.275185025977241
"Treatment:vial_letter",13.7036765774607,6,0.0331272189993666
"PaternalStock:vial_letter",56.286249289088,3,3.64970246173041e-12
"Treatment:PaternalStock:vial_letter",32.8309111303194,6,1.13012755601972e-05
