"","Chisq","Df","Pr(>Chisq)"
"Treatment",5.43959740462393,2,0.0658880161969058
"PaternalStock",0.0485462677068323,1,0.825612463125769
"vial_letter",31.3435602982396,3,7.19603248259899e-07
"Treatment:PaternalStock",3.2137032969654,2,0.200517922243406
"Treatment:vial_letter",9.7355438083861,6,0.136239749827315
"PaternalStock:vial_letter",32.7429101061157,3,3.64896402181769e-07
"Treatment:PaternalStock:vial_letter",15.6418752579786,6,0.0158108580117755
