"","Chisq","Df","Pr(>Chisq)"
"Treatment",5.87880172775174,2,0.0528974119965105
"PaternalStock",5.68679552981185,1,0.0170930399972383
"vial_letter",81.2009954948675,3,1.69590501945928e-17
"Treatment:PaternalStock",1.14553932823191,2,0.563961290268088
"Treatment:vial_letter",11.5795876532431,6,0.0720323178767403
"PaternalStock:vial_letter",43.8182800495192,3,1.6494585956415e-09
"Treatment:PaternalStock:vial_letter",10.1700062908793,6,0.117672849263235
